{
    "botcontrol": {
        "status": "active",
        "manualsell": false,
        "manualbuy": false,
        "started": "2021-12-21T03:57:09.148773",
        "startmethod": "standard"
    },
    "trailingstoplosstriggered": false,
    "indicators": {
        "EMA": false,
        "BULL": true,
        "MACD": true
    },
    "message": "2021-12-21 03:59:35 | XLM-EUR | 3600 | Current Price: 0.230997 - Ready Chg: 1.20%/0.0% | -14.76% from DF HIGH",
    "margin": "0.6941%",
    "delta": "6.94",
    "price": 0.235244,
    "exchange": "coinbasepro",
    "df_high": " ",
    "from_df_high": " ",
    "change_pcnt_high": 0.0
}