{
    "botcontrol": {
        "status": "active",
        "manualsell": false,
        "manualbuy": false,
        "started": "2021-12-21T03:57:08.423993",
        "startmethod": "standard"
    },
    "trailingstoplosstriggered": true,
    "indicators": {
        "EMA": false,
        "BULL": true,
        "MACD": true
    },
    "exchange": "coinbasepro",
    "margin": " ",
    "delta": " ",
    "price": 159.66,
    "df_high": "169.002",
    "from_df_high": "-5.53%",
    "change_pcnt_high": -1.6306361951822224,
    "message": "2021-12-21 13:26:08 | SOL-EUR | 900 | Current Price: 159.66 - Ready Chg: 0.41%/0.0% | -5.53% from DF HIGH"
}