{
    "botcontrol": {
        "status": "active",
        "manualsell": false,
        "manualbuy": false,
        "started": "2021-12-21T03:57:09.102474",
        "startmethod": "standard"
    },
    "trailingstoplosstriggered": true,
    "indicators": {
        "EMA": false,
        "BULL": false,
        "MACD": true
    },
    "exchange": "coinbasepro",
    "margin": "5.0512%",
    "delta": "50.51",
    "price": 20.32,
    "df_high": " ",
    "from_df_high": " ",
    "change_pcnt_high": -0.6356968215158854
}