{
    "botcontrol": {
        "status": "active",
        "manualsell": false,
        "manualbuy": false,
        "started": "2021-12-21T03:57:08.699431",
        "startmethod": "standard"
    },
    "trailingstoplosstriggered": false,
    "indicators": {
        "EMA": false,
        "BULL": true,
        "MACD": true
    },
    "exchange": "coinbasepro",
    "margin": "-1.9177%",
    "delta": "-9.14",
    "price": 4012.53,
    "df_high": " ",
    "from_df_high": " ",
    "change_pcnt_high": 0.0
}