{
    "botcontrol": {
        "status": "active",
        "manualsell": false,
        "manualbuy": false,
        "started": "2021-12-21T03:57:08.190459",
        "startmethod": "standard"
    },
    "trailingstoplosstriggered": false,
    "indicators": {
        "EMA": false,
        "BULL": false,
        "MACD": true
    },
    "exchange": "coinbasepro",
    "margin": "1.2979%",
    "delta": "12.97",
    "price": 1.1165,
    "df_high": " ",
    "from_df_high": " ",
    "change_pcnt_high": 0.0
}