{
    "botcontrol": {
        "status": "active",
        "manualsell": false,
        "manualbuy": false,
        "started": "2021-12-21T03:57:08.384459",
        "startmethod": "standard"
    },
    "trailingstoplosstriggered": true,
    "indicators": {
        "EMA": false,
        "BULL": false,
        "MACD": true
    },
    "exchange": "coinbasepro",
    "margin": "3.7346%",
    "delta": "37.34",
    "price": 24.99,
    "df_high": " ",
    "from_df_high": " ",
    "change_pcnt_high": -0.8333333333333415
}