{
    "botcontrol": {
        "status": "active",
        "manualsell": false,
        "manualbuy": false,
        "started": "2021-12-21T03:57:07.504258",
        "startmethod": "standard"
    },
    "trailingstoplosstriggered": true,
    "indicators": {
        "EMA": false,
        "BULL": false,
        "MACD": true
    },
    "exchange": "kucoin",
    "margin": "0.0024%",
    "delta": "0.02",
    "price": 0.07412,
    "df_high": " ",
    "from_df_high": " ",
    "change_pcnt_high": -0.14818806412500996,
    "message": "2021-12-21 13:59:52 | JASMY-USDT | 15min | Current Price: 0.07395 - Ready Chg: 0.48%/0.0% | -34.7% from DF HIGH"
}