{
    "botcontrol": {
        "status": "active",
        "manualsell": false,
        "manualbuy": false,
        "started": "2021-12-21T03:57:09.281296",
        "startmethod": "standard"
    },
    "trailingstoplosstriggered": false,
    "indicators": {
        "EMA": false,
        "BULL": true,
        "MACD": true
    },
    "message": "2021-12-21 14:26:13 | XLM-USDT | 15min | Current Price: 0.265481 - Ready Chg: 0.37%/0.0% | -11.55% from DF HIGH",
    "margin": " ",
    "delta": " ",
    "price": 0.2655,
    "exchange": "kucoin",
    "df_high": "0.3002",
    "from_df_high": "-11.55%"
}