{
    "botcontrol": {
        "status": "active",
        "manualsell": false,
        "manualbuy": false,
        "started": "2021-12-21T03:57:09.973934",
        "startmethod": "standard"
    },
    "trailingstoplosstriggered": false,
    "indicators": {
        "EMA": false,
        "BULL": false,
        "MACD": true
    },
    "message": "2021-12-21 14:25:54 | ZIL-USDT | 15min | Current Price: 0.0607 - Ready Chg: 0.16%/0.0% | -16.04% from DF HIGH",
    "margin": " ",
    "delta": " ",
    "price": 0.0607,
    "exchange": "kucoin",
    "df_high": "0.0723",
    "from_df_high": "-16.04%"
}