{
    "botcontrol": {
        "status": "active",
        "manualsell": false,
        "manualbuy": false,
        "started": "2021-12-21T03:57:11.031522",
        "startmethod": "standard"
    },
    "trailingstoplosstriggered": false,
    "indicators": {
        "EMA": false,
        "BULL": true,
        "MACD": true
    },
    "message": "2021-12-21 14:26:08 | XRP-USDT | 15min | Current Price: 0.8914 - Ready Chg: 0.44%/0.0% | -4.4% from DF HIGH",
    "margin": " ",
    "delta": " ",
    "price": 0.8914,
    "exchange": "kucoin",
    "df_high": "0.9324",
    "from_df_high": "-4.4%"
}